sample_id	hap_id	target	consensus	reads	pident
ANOSPP13621588	P1-0	P1	GAATTATCTGTGTTACAAATTTTTGATCCCAGGCTGGTAAAAAATGTAAACTTTTAGCCCATAAGAATAGAAACAGATGCCAGGCCAATAACTCAAACAGAGCTATGACGCTATCAATTTTTAGCAAGACGGATAAATTTTTCATAGAACTTAACGTATCATCATCCATGCAAAGATAAAACGGTAGATAG	58	100.0
ANOSPP13621588	X1-1	P1	GAATTATCTGTGTTACAAATTTTTGATCCCAGGCTGGTAAAAAATGTAGACTTTTAGCCCATAAGAATAGAAACAGATGCCAGGCCAATAACTCAAACAGAGCTATGACGCTATCAATTTTTAGCAAGACGGATAAATTTTTCATAGAACTTAACGTATCATCATCCATGCAAAGATAAAACGGTAGATAG	39	99.476
ANOSPP13621646	P1-0	P1	GAATTATCTGTGTTACAAATTTTTGATCCCAGGCTGGTAAAAAATGTAAACTTTTAGCCCATAAGAATAGAAACAGATGCCAGGCCAATAACTCAAACAGAGCTATGACGCTATCAATTTTTAGCAAGACGGATAAATTTTTCATAGAACTTAACGTATCATCATCCATGCAAAGATAAAACGGTAGATAG	39	100.0
ANOSPP13621762	X1-2	P1	GAATTATCTGTGTTACAAATTTTTGATCCCAGGCTGGTAAAAATGTAAACTTTTAGCCCATAAGAATAGAAACAGATGCCAGGCCAATAACTCAAACAGAGCTATGACGCTATCAATTTTTAGCAAGACGGATAAATTTTTCATAGAACTTAACGTATCATCATCCATGCAAAGATAAAACGGTAGATAG	51	99.474
ANOSPP13621853	P1-0	P1	GAATTATCTGTGTTACAAATTTTTGATCCCAGGCTGGTAAAAAATGTAAACTTTTAGCCCATAAGAATAGAAACAGATGCCAGGCCAATAACTCAAACAGAGCTATGACGCTATCAATTTTTAGCAAGACGGATAAATTTTTCATAGAACTTAACGTATCATCATCCATGCAAAGATAAAACGGTAGATAG	487	100.0
ANOSPP13621949	P1-0	P1	GAATTATCTGTGTTACAAATTTTTGATCCCAGGCTGGTAAAAAATGTAAACTTTTAGCCCATAAGAATAGAAACAGATGCCAGGCCAATAACTCAAACAGAGCTATGACGCTATCAATTTTTAGCAAGACGGATAAATTTTTCATAGAACTTAACGTATCATCATCCATGCAAAGATAAAACGGTAGATAG	95	100.0
ANOSPP13621949	P1-2	P1	GAATTATCTGTGTTACAAATTTTTGATCCCAGGCTGGTAAAAAATGTAAACTTTTAGCCCATAAGAATAGGAACAGATGCCAGGCCAATAACTCAAACAGAGCTATGACGCTATCAATTTTTAGCAAGACGGATAAATTTTTCATAGAACTTAACGTATCATCATCCATGCAAAGATAAAACGGTAGATAG	86	100.0
ANOSPP13621990	P1-0	P1	GAATTATCTGTGTTACAAATTTTTGATCCCAGGCTGGTAAAAAATGTAAACTTTTAGCCCATAAGAATAGAAACAGATGCCAGGCCAATAACTCAAACAGAGCTATGACGCTATCAATTTTTAGCAAGACGGATAAATTTTTCATAGAACTTAACGTATCATCATCCATGCAAAGATAAAACGGTAGATAG	17	100.0
ANOSPP13622096	P1-0	P1	GAATTATCTGTGTTACAAATTTTTGATCCCAGGCTGGTAAAAAATGTAAACTTTTAGCCCATAAGAATAGAAACAGATGCCAGGCCAATAACTCAAACAGAGCTATGACGCTATCAATTTTTAGCAAGACGGATAAATTTTTCATAGAACTTAACGTATCATCATCCATGCAAAGATAAAACGGTAGATAG	103	100.0
ANOSPP13622096	X1-4	P1	GAATTATCTGTGTTACAAATTTTTGATCCCAGGCTGGTAAAAAATGTAAACTTTTAGCCCATAAGAATAGAAACAGATGCCAGGCCAATAACTTAAACAGAGCTATGACGCTATCAATTTTTAGCAAGACGGATAAATTTTTCATAGAACTTAACGTATCATCATTCACGCAAAGATAAAACGGTAGATAG	57	98.429
ANOSPP13622112	P1-0	P1	GAATTATCTGTGTTACAAATTTTTGATCCCAGGCTGGTAAAAAATGTAAACTTTTAGCCCATAAGAATAGAAACAGATGCCAGGCCAATAACTCAAACAGAGCTATGACGCTATCAATTTTTAGCAAGACGGATAAATTTTTCATAGAACTTAACGTATCATCATCCATGCAAAGATAAAACGGTAGATAG	68	100.0
ANOSPP13622112	X1-5	P1	GAATTATCTGTGTTACAAATTTTTGATCCCAGGCTGGTAGAAAATGTAAACTTTTAGCCCATAAGAATAGAAACAGATGCCAGGCCAATAACTCAAACAGAGCTATGACGCTATCAATTTTTAGCAAGACGGATAAATTTTTCATAGAACTTAACGTATCATCATCCATGCAAAGATAAAACGGTAGATAG	60	99.476
ANOSPP13622139	P1-0	P1	GAATTATCTGTGTTACAAATTTTTGATCCCAGGCTGGTAAAAAATGTAAACTTTTAGCCCATAAGAATAGAAACAGATGCCAGGCCAATAACTCAAACAGAGCTATGACGCTATCAATTTTTAGCAAGACGGATAAATTTTTCATAGAACTTAACGTATCATCATCCATGCAAAGATAAAACGGTAGATAG	149	100.0
ANOSPP13622213	X1-6	P1	GAATTATCTGTGGTACAAATTTTTGATCCCAGGCTGGTAAAAAATGTAAACTTTTAGCCCATAAGAATAGAAACAGATGCCAGGCCAATAACTCAAACAGAGCTATGACGCTATCAATTTTTAGCAAGACGGATAAATTTTTCATAGAACTTAACGTATCATCATCCATGCAAAGATAAAACGGTAGATAG	69	99.476
ANOSPP13622244	P1-0	P1	GAATTATCTGTGTTACAAATTTTTGATCCCAGGCTGGTAAAAAATGTAAACTTTTAGCCCATAAGAATAGAAACAGATGCCAGGCCAATAACTCAAACAGAGCTATGACGCTATCAATTTTTAGCAAGACGGATAAATTTTTCATAGAACTTAACGTATCATCATCCATGCAAAGATAAAACGGTAGATAG	61	100.0
ANOSPP13622254	X1-7	P1	GAATTATCTGTGTTACAAATTTTTGATCCCAGGCTGGTAACAAATGTAAACTTTTAGCCCATAGGAATAGAAACAGATGCCAGGCCAATAACTCAAACAGAGCTATGACGCTATCAATTTTTAGCAAGACGGATAAATTTTTCATAGAACTTAACGTATCATCATCCATGCAAAGATAAAACGGTAGATAG	34	99.476
ANOSPP13622280	P1-1	P1	GAATTATCTGTGTTACAAATTTTTGATCCCAGGCTGGTAACAAATGTAAACTTTTAGCCCATAAGAATAGAAACAGATGCCAGGCCAATAACTCAAACAGAGCTATGACGCTATCAATTTTTAGCAAGACGGATAAATTTTTCATAGAACTTAACGTATCATCATCCATGCAAAGATAAAACGGTAGATAG	45	100.0
ANOSPP13622328	P1-0	P1	GAATTATCTGTGTTACAAATTTTTGATCCCAGGCTGGTAAAAAATGTAAACTTTTAGCCCATAAGAATAGAAACAGATGCCAGGCCAATAACTCAAACAGAGCTATGACGCTATCAATTTTTAGCAAGACGGATAAATTTTTCATAGAACTTAACGTATCATCATCCATGCAAAGATAAAACGGTAGATAG	15	100.0
ANOSPP13622336	P1-22	P1	GAATTATCTGTGTTACAATATTTTTGATCCCAGGCTGGTATTAAATGTAAACTTTTAGCCCAAAAGAATAGAAACAGATGCCAGGCCAAAAACCTAAAATAGAGCTATGACGCTATCAATTTTGACAAGGCAGATAAATTCTTTCATAGAACTTAACGTATCATCATCCATACATAAATAAAACGGTAGATAG	33	100.0
ANOSPP13621853	P2-0	P2	TACACACCGCTCGTCACGCAATATCAATATACTGGGTATAGAACTCCAGGCGTTAACCTGTAGAGTTGAGATGGAAACAGCCGGAAAGGTAATTTTACGCCCTTAACGTAAAGATCATTTATGAAATAGATTAGCATGGGACTAAAAAATGTTATGTTGTTGGTTTAAGCCCTATTACCATACAAGAGATCGCGTACTTTGGACCGAATAAA	8106	100.0
ANOSPP13621914	X2-1	P2	TACACACCGCTCGTCACGCAGTATCAATATACTGAGTATAGAACTCCAGGCGTTAACCTGTAGAGTTGAGATGGAAACAGCCGGAAAGGTAATTTTACGCCCTTAACGTAAAGATCATTTATGAAATAGATTAGCATGGGACTAAAAAATGTTATGTTGTTGGCTTAAGCCCTATTACCATACAAGAGATCGCGTACTTTGGACCGAATAAA	37	99.057
ANOSPP13621990	P2-1	P2	TACACACCGCTCGTCACGCAATATCAATATACTGAGTATAGAACTCCAGGCGTTAACCTGTAGAGTTGAGATGGAAACAGCCGGAAAGGTAATTTTACGCCCTTAACGTAAAGATCATTTATGAAATAGATTAGCATGGGACTAAAAAATGTTATGTTGTTGGTTTAAGCCCTATTACCATACAAGAGATCGCGTACTTTGGACCGAATAAA	31	100.0
ANOSPP13622006	P2-0	P2	TACACACCGCTCGTCACGCAATATCAATATACTGGGTATAGAACTCCAGGCGTTAACCTGTAGAGTTGAGATGGAAACAGCCGGAAAGGTAATTTTACGCCCTTAACGTAAAGATCATTTATGAAATAGATTAGCATGGGACTAAAAAATGTTATGTTGTTGGTTTAAGCCCTATTACCATACAAGAGATCGCGTACTTTGGACCGAATAAA	54	100.0
ANOSPP13622098	P2-0	P2	TACACACCGCTCGTCACGCAATATCAATATACTGGGTATAGAACTCCAGGCGTTAACCTGTAGAGTTGAGATGGAAACAGCCGGAAAGGTAATTTTACGCCCTTAACGTAAAGATCATTTATGAAATAGATTAGCATGGGACTAAAAAATGTTATGTTGTTGGTTTAAGCCCTATTACCATACAAGAGATCGCGTACTTTGGACCGAATAAA	57	100.0
ANOSPP13622112	P2-1	P2	TACACACCGCTCGTCACGCAATATCAATATACTGAGTATAGAACTCCAGGCGTTAACCTGTAGAGTTGAGATGGAAACAGCCGGAAAGGTAATTTTACGCCCTTAACGTAAAGATCATTTATGAAATAGATTAGCATGGGACTAAAAAATGTTATGTTGTTGGTTTAAGCCCTATTACCATACAAGAGATCGCGTACTTTGGACCGAATAAA	63	100.0
ANOSPP13622112	X2-3	P2	TACACACCGCTCGTCACGCAATATCAATATACTGCGTATAGAACTCCAGGCGTTAACCTGTAGAGTTGAGATGGAAACAGCCGGAAAGGTAATTTTACGCCCTTAACGTAAAGATCATTTATGAAATAGATTAGCATGGGACTAAAAAATGTTATGTTGTTGGTTTAAGCCCTATTACCATACAAGAGATCGCGTACTTTGGACCGAATAAA	73	99.528
ANOSPP13622112	P2-0	P2	TACACACCGCTCGTCACGCAATATCAATATACTGGGTATAGAACTCCAGGCGTTAACCTGTAGAGTTGAGATGGAAACAGCCGGAAAGGTAATTTTACGCCCTTAACGTAAAGATCATTTATGAAATAGATTAGCATGGGACTAAAAAATGTTATGTTGTTGGTTTAAGCCCTATTACCATACAAGAGATCGCGTACTTTGGACCGAATAAA	248	100.0
ANOSPP13622139	P2-0	P2	TACACACCGCTCGTCACGCAATATCAATATACTGGGTATAGAACTCCAGGCGTTAACCTGTAGAGTTGAGATGGAAACAGCCGGAAAGGTAATTTTACGCCCTTAACGTAAAGATCATTTATGAAATAGATTAGCATGGGACTAAAAAATGTTATGTTGTTGGTTTAAGCCCTATTACCATACAAGAGATCGCGTACTTTGGACCGAATAAA	2600	100.0
ANOSPP13622328	P2-0	P2	TACACACCGCTCGTCACGCAATATCAATATACTGGGTATAGAACTCCAGGCGTTAACCTGTAGAGTTGAGATGGAAACAGCCGGAAAGGTAATTTTACGCCCTTAACGTAAAGATCATTTATGAAATAGATTAGCATGGGACTAAAAAATGTTATGTTGTTGGTTTAAGCCCTATTACCATACAAGAGATCGCGTACTTTGGACCGAATAAA	43	100.0
ANOSPP13622335	P2-1	P2	TACACACCGCTCGTCACGCAATATCAATATACTGAGTATAGAACTCCAGGCGTTAACCTGTAGAGTTGAGATGGAAACAGCCGGAAAGGTAATTTTACGCCCTTAACGTAAAGATCATTTATGAAATAGATTAGCATGGGACTAAAAAATGTTATGTTGTTGGTTTAAGCCCTATTACCATACAAGAGATCGCGTACTTTGGACCGAATAAA	109	100.0
ANOSPP13622335	P2-0	P2	TACACACCGCTCGTCACGCAATATCAATATACTGGGTATAGAACTCCAGGCGTTAACCTGTAGAGTTGAGATGGAAACAGCCGGAAAGGTAATTTTACGCCCTTAACGTAAAGATCATTTATGAAATAGATTAGCATGGGACTAAAAAATGTTATGTTGTTGGTTTAAGCCCTATTACCATACAAGAGATCGCGTACTTTGGACCGAATAAA	31	100.0
ANOSPP13622336	P2-54	P2	TACACACCGCTCGTCACGCAAAATTTATATATTAAAGATAAAGAACTCCAGGCGTTAACCTGTAGAGTTGAGATGGAAACAGCCGGAAAGGTAATATTACGTCCAAATGATAAAATATATATGAAATATACTAGCATGGGACTAAAAAATGTTATGTTGTTGGTTTAAGCCCTTTTTACCATACAAGAGATCGCGTACTTTGGATTGAAAAAA	51	100.0
